[
    {
        "_id":{"$oid":"61ae63f9892704213db0a93d"},
        "name":"Ranjit Singh",
        "address":"49 Littles Road, Scarborough, ON, Canada",
        "noOfParking":2,
        "floor":18,
        "club":"Sunrise Club"
    },
    {
        "_id":{"$oid":"61ae6442892704213db0a943"},
        "name":"Shashank",
        "address":"Victoryia Park",
        "noOfParking":4,
        "floor":24,
        "club":"Aerial Nightclub"
    },
    {   "_id":{"$oid":"61ae64af00941d48c8d926db"},
        "name":"Parmeet Singh",
        "address":"12 BLACKTOFT",
        "noOfParking":4,
        "floor":16,
        "club":"Happy, Healthy, Fit"
    }
]